title,genres,similarity_score,relevant
Antz (1998),Adventure|Animation|Children|Comedy|Fantasy,1.0,True
Toy Story 2 (1999),Adventure|Animation|Children|Comedy|Fantasy,1.0,True
"Adventures of Rocky and Bullwinkle, The (2000)",Adventure|Animation|Children|Comedy|Fantasy,1.0,True
"Emperor's New Groove, The (2000)",Adventure|Animation|Children|Comedy|Fantasy,1.0,True
"Monsters, Inc. (2001)",Adventure|Animation|Children|Comedy|Fantasy,1.0,True
Shrek the Third (2007),Adventure|Animation|Children|Comedy|Fantasy,1.0,True
"Tale of Despereaux, The (2008)",Adventure|Animation|Children|Comedy|Fantasy,1.0,True
Asterix and the Vikings (Astérix et les Vikings) (2006),Adventure|Animation|Children|Comedy|Fantasy,1.0,True
The Good Dinosaur (2015),Adventure|Animation|Children|Comedy|Fantasy,1.0,True
Moana (2016),Adventure|Animation|Children|Comedy|Fantasy,1.0,True
