Rank,Title,Genres,Predicted_Rating
1,"Dark Knight, The (2008)",Action|Crime|Drama|IMAX,4.34
2,"Big Short, The (2015)",Drama,4.26
3,Monty Python and the Holy Grail (1975),Adventure|Comedy|Fantasy,4.2
4,Guess Who's Coming to Dinner (1967),Drama,4.18
5,Lost in Translation (2003),Comedy|Drama|Romance,4.14
6,"Amelie (Fabuleux destin d'Amélie Poulain, Le) (2001)",Comedy|Romance,4.13
7,Wallace & Gromit: The Best of Aardman Animation (1996),Adventure|Animation|Comedy,4.08
8,Roman Holiday (1953),Comedy|Drama|Romance,4.06
9,Harry Potter and the Prisoner of Azkaban (2004),Adventure|Fantasy|IMAX,4.06
10,Moonrise Kingdom (2012),Comedy|Drama|Romance,4.06
